{
    "down_mass":88.49999999999972,
    "time":12,
    "time_unit":"week",
    "up_mass":125.39999999999995
}