{
    "down_mass":83.60000000000008,
    "time":24,
    "time_unit":"day",
    "up_mass":124.39999999999998
}