{
    "10:57:55-12:11:2014":90.2,
    "11:02:08-12:11:2014":90.2,
    "11:02:09-12:11:2014":90.2,
    "11:02:10-12:11:2014":90.2,
    "11:02:17-12:11:2014":90.2,
    "11:02:18-12:11:2014":90.2,
    "11:02:19-12:11:2014":90.2,
    "20:17:48-12:11:2014":116.09999999999994,
    "20:18:07-12:11:2014":116.7999999999999,
    "20:26:40-12:11:2014":122.9,
    "20:38:03-12:11:2014":114.40000000000003,
    "20:40:04-12:11:2014":113.50000000000006,
    "20:57:01-12:11:2014":112.90000000000003,
    "21:06:08-12:11:2014":112.50000000000003,
    "21:07:10-12:11:2014":111.50000000000006,
    "21:09:01-12:11:2014":111.00000000000003,
    "21:14:08-12:11:2014":111.49999999999997,
    "21:14:20-12:11:2014":111.29999999999998,
    "21:28:34-12:11:2014":111.79999999999997,
    "21:28:40-12:11:2014":110.90000000000002,
    "21:48:03-12:11:2014":112.09999999999994,
    "21:55:57-12:11:2014":112.69999999999996,
    "08:26:42-13:11:2014":114.79999999999988
}